<?xml version="1.0" encoding="UTF-8"?>
<project-private xmlns="http://www.netbeans.org/ns/project-private/1">
    <editor-bookmarks xmlns="http://www.netbeans.org/ns/editor-bookmarks/2" lastBookmarkId="0"/>
    <open-files xmlns="http://www.netbeans.org/ns/projectui-open-files/2">
        <group>
            <file>file:/C:/Users/ACER/Documents/NetBeansProjects/APKBarang/src/Barang/Admin.java</file>
            <file>file:/C:/Users/ACER/Documents/NetBeansProjects/APKBarang/src/Barang/Home.java</file>
            <file>file:/C:/Users/ACER/Documents/NetBeansProjects/APKBarang/src/Barang/Koneksi.java</file>
            <file>file:/C:/Users/ACER/Documents/NetBeansProjects/APKBarang/src/Barang/Login.java</file>
            <file>file:/C:/Users/ACER/Documents/NetBeansProjects/APKBarang/src/Barang/dataadmin.jrxml</file>
            <file>file:/C:/Users/ACER/Documents/NetBeansProjects/APKBarang/src/Barang/DataBarang.java</file>
        </group>
    </open-files>
</project-private>
